{"cameraMode":{"drawMode":0,"name":"Shaded","section":"Shading Mode"},"sceneLighting":true,"audioPlay":false,"sceneViewState":{"showFog":true,"showMaterialUpdate":false,"showSkybox":true,"showFlares":true,"showImageEffects":true,"showParticleSystems":true},"in2DMode":false,"pivot":{"x":4.864267826080322,"y":11.003453254699707,"z":-18.101367950439454},"rotation":{"x":0.33052414655685427,"y":-0.014156632125377655,"z":0.0049582370556890968,"w":0.9436783194541931},"size":18.861459732055665,"orthographic":false}