{"cameraMode":{"drawMode":0,"name":"Shaded","section":"Shading Mode"},"sceneLighting":true,"audioPlay":false,"sceneViewState":{"showFog":true,"showMaterialUpdate":false,"showSkybox":true,"showFlares":true,"showImageEffects":true,"showParticleSystems":true},"in2DMode":false,"pivot":{"x":-18.043746948242189,"y":2.421785354614258,"z":-34.02471923828125},"rotation":{"x":0.5870965719223023,"y":-0.027914121747016908,"z":0.02026304230093956,"w":0.8087835907936096},"size":28.5401554107666,"orthographic":false}