{"cameraMode":{"drawMode":0,"name":"Shaded","section":"Shading Mode"},"sceneLighting":false,"audioPlay":false,"sceneViewState":{"showFog":true,"showMaterialUpdate":false,"showSkybox":false,"showFlares":true,"showImageEffects":true,"showParticleSystems":true},"in2DMode":false,"pivot":{"x":-8.181863784790039,"y":3.3697547912597658,"z":-43.344520568847659},"rotation":{"x":0.6513621211051941,"y":0.05786336958408356,"z":-0.04992668330669403,"w":0.7549093961715698},"size":9.363325119018555,"orthographic":false}