{"cameraMode":{"drawMode":0,"name":"Shaded","section":"Shading Mode"},"sceneLighting":false,"audioPlay":false,"sceneViewState":{"showFog":true,"showMaterialUpdate":false,"showSkybox":false,"showFlares":true,"showImageEffects":true,"showParticleSystems":true,"showVisualEffectGraphs":true,"m_FxEnabled":true},"in2DMode":false,"pivot":{"x":-0.0011338591575622559,"y":0.21836400032043458,"z":0.00018218904733657837},"rotation":{"x":-0.018308166414499284,"y":0.005095892120152712,"z":-0.00009626036626286805,"w":-0.9998184442520142},"size":0.6765303611755371,"orthographic":false}