{"cameraMode":{"drawMode":0,"name":"Shaded","section":"Shading Mode"},"sceneLighting":false,"audioPlay":false,"sceneViewState":{"showFog":true,"showMaterialUpdate":false,"showSkybox":false,"showFlares":true,"showImageEffects":true,"showParticleSystems":true,"showVisualEffectGraphs":true,"m_FxEnabled":true},"in2DMode":false,"pivot":{"x":0.00015075504779815674,"y":0.461179256439209,"z":0.00014760345220565796},"rotation":{"x":-0.018308166414499284,"y":0.005095892120152712,"z":-0.00009626036626286805,"w":-0.9998184442520142},"size":0.8241682648658752,"orthographic":false}