{"cameraMode":{"drawMode":0,"name":"Shaded","section":"Shading Mode"},"sceneLighting":false,"audioPlay":false,"sceneViewState":{"showFog":true,"showMaterialUpdate":false,"showSkybox":false,"showFlares":true,"showImageEffects":true,"showParticleSystems":true,"showVisualEffectGraphs":true,"m_FxEnabled":true},"in2DMode":false,"pivot":{"x":0.006295680999755859,"y":0.3811044692993164,"z":-0.00008616968989372253},"rotation":{"x":-0.018308166414499284,"y":0.005095892120152712,"z":-0.00009626036626286805,"w":-0.9998184442520142},"size":1.1240756511688233,"orthographic":false}